Questions,Desc,Type,Required,Option 1,Option 2,Option 3,Option 4,Option 5,Option 6,Option 7,Option 8,Option 9
"În acest moment, cât de bine poți clarifica o cerință ambiguă prin întrebări și exemple?","Răspunde pentru probleme mici, nefamiliare, fără ajutorul unui agent AI.",MULTIPLE_CHOICE,FALSE,Nu am întâlnit această activitate,Pot urmări un exemplu explicat,"Pot încerca, cu îndrumare",Pot realiza independent pe o problemă mică,Pot explica și compara alternative,Nu pot aprecia,,,
"În acest moment, cât de bine poți identifica conceptele și regulile unui domeniu?","Răspunde pentru probleme mici, nefamiliare, fără ajutorul unui agent AI.",MULTIPLE_CHOICE,FALSE,Nu am întâlnit această activitate,Pot urmări un exemplu explicat,"Pot încerca, cu îndrumare",Pot realiza independent pe o problemă mică,Pot explica și compara alternative,Nu pot aprecia,,,
"În acest moment, cât de bine poți împărți responsabilitățile între componente?","Răspunde pentru probleme mici, nefamiliare, fără ajutorul unui agent AI.",MULTIPLE_CHOICE,FALSE,Nu am întâlnit această activitate,Pot urmări un exemplu explicat,"Pot încerca, cu îndrumare",Pot realiza independent pe o problemă mică,Pot explica și compara alternative,Nu pot aprecia,,,
"În acest moment, cât de bine poți preciza condițiile și garanțiile unei operații?","Răspunde pentru probleme mici, nefamiliare, fără ajutorul unui agent AI.",MULTIPLE_CHOICE,FALSE,Nu am întâlnit această activitate,Pot urmări un exemplu explicat,"Pot încerca, cu îndrumare",Pot realiza independent pe o problemă mică,Pot explica și compara alternative,Nu pot aprecia,,,
"În acest moment, cât de bine poți descrie stările și tranzițiile unui proces?","Răspunde pentru probleme mici, nefamiliare, fără ajutorul unui agent AI.",MULTIPLE_CHOICE,FALSE,Nu am întâlnit această activitate,Pot urmări un exemplu explicat,"Pot încerca, cu îndrumare",Pot realiza independent pe o problemă mică,Pot explica și compara alternative,Nu pot aprecia,,,
"În acest moment, cât de bine poți verifica o soluție și anticipa impactul unei schimbări?","Răspunde pentru probleme mici, nefamiliare, fără ajutorul unui agent AI.",MULTIPLE_CHOICE,FALSE,Nu am întâlnit această activitate,Pot urmări un exemplu explicat,"Pot încerca, cu îndrumare",Pot realiza independent pe o problemă mică,Pot explica și compara alternative,Nu pot aprecia,,,
Un beneficiar cere ca sistemul să fie „rapid”. Care este cel mai util pas următor?,Alege răspunsul care ți se pare cel mai potrivit. Nu căuta răspunsul și nu folosi AI; „Nu știu încă” este util.,MULTIPLE_CHOICE,FALSE,Aleg un limbaj cunoscut pentru viteză,"Clarific operația, volumul de lucru și timpul de răspuns acceptabil",Desenez toate clasele,Promit că optimizăm la final,Nu știu încă,,,,
O comandă poate fi anulată numai înainte de expediere. Două cereri de anulare sosesc aproape simultan. Ce trebuie clarificat în proiectare?,Alege răspunsul care ți se pare cel mai potrivit. Nu căuta răspunsul și nu folosi AI; „Nu știu încă” este util.,MULTIPLE_CHOICE,FALSE,Culoarea butonului de anulare,"Stările permise, tratarea repetării și protejarea regulii la cereri concurente",Numele fișierului care conține comanda,Numărul de clase UML,Nu știu încă,,,,
Un agent AI propune un model coerent și spune că toate testele trec. Ce dovadă ai cere înainte de a accepta concluzia?,Alege răspunsul care ți se pare cel mai potrivit. Nu căuta răspunsul și nu folosi AI; „Nu știu încă” este util.,MULTIPLE_CHOICE,FALSE,O explicație mai convingătoare a agentului,Un model mai mare,"Cerințele acoperite, scenariile verificate și rezultatele efective, cu limitele lor",Doar o diagramă mai îngrijită,Nu știu încă,,,,
Cât de des folosești AI pentru activități de dezvoltare?,,MULTIPLE_CHOICE,FALSE,Nu folosesc,Mai rar de o dată pe lună,De câteva ori pe lună,De câteva ori pe săptămână,Aproape zilnic,,,,
Cum verifici de obicei o propunere generată de AI?,Descrie un exemplu sau scrie că nu ai folosit încă.,PARAGRAPH,FALSE,,,,,,,,,
În ce măsură cursul te-a ajutat să atingi rezultatul pe care îl urmăreai?,,MULTIPLE_CHOICE,FALSE,Deloc,În mică măsură,Parțial,În mare măsură,Complet,Nu aveam un rezultat precis în minte,,,
Descrie o decizie de proiectare pe care acum o poți explica mai bine.,"Spune pe scurt problema, alegerea și motivul ei.",PARAGRAPH,FALSE,,,,,,,,,
Care activități te-au ajutat cel mai mult?,Selectează cel mult trei variante.,CHECKBOX,FALSE,Exemplele de la curs,Exercițiile individuale,Discuțiile în perechi sau între echipe,Compararea soluțiilor,Analiza greșelilor și contraexemplelor,Demonstrațiile cu AI și verificarea lor,Proiectul și feedbackul profesorului,Materialele parcurse individual,
Cum ai perceput ritmul cursului?,,MULTIPLE_CHOICE,FALSE,Mult prea lent,Puțin prea lent,Potrivit,Puțin prea rapid,Mult prea rapid,,,,
Cum ai perceput volumul de lucru al proiectului?,,MULTIPLE_CHOICE,FALSE,Mult prea mic,Puțin prea mic,Potrivit,Puțin prea mare,Mult prea mare,Nu pot aprecia,,,
Ce teme merită mai mult timp sau alte explicații?,,PARAGRAPH,FALSE,,,,,,,,,
Ce ar trebui păstrat și ce ar trebui schimbat la ediția următoare?,,PARAGRAPH,FALSE,,,,,,,,,
